site,activation_profile,adult_age_band,initial_total_adults,start_date,end_date,first_reproduction,peak_mobile_date,peak_mobile_population,peak_total_date,peak_total_population,final_population
malua,conservative,young,10.0,2024-07-01,2025-06-30,2024-08-16,2025-04-01,469.01910920515587,2025-04-01,777.5254415639932,58.36181810802363
malua,conservative,young,100.0,2024-07-01,2025-06-30,2024-08-16,2025-04-01,4690.191092051553,2025-04-01,7775.254415639927,583.6181810802357
malua,conservative,young,1000.0,2024-07-01,2025-06-30,2024-08-16,2025-04-01,46901.91092051557,2025-04-01,77752.54415639932,5836.181810802363
malua,conservative,mixed,10.0,2024-07-01,2025-06-30,2024-08-16,2025-04-01,279.17318133748904,2025-04-01,449.24782773470974,34.060420840207385
malua,conservative,mixed,100.0,2024-07-01,2025-06-30,2024-08-16,2025-04-01,2791.7318133748936,2025-04-01,4492.4782773471015,340.60420840207416
malua,conservative,mixed,1000.0,2024-07-01,2025-06-30,2024-08-16,2025-04-01,27917.318133748908,2025-04-01,44924.78277347098,3406.04208402074
malua,conservative,older,10.0,2024-07-01,2025-06-30,2024-08-16,2025-04-01,19.409770369187537,2025-03-31,28.426652577706033,2.504078054411098
malua,conservative,older,100.0,2024-07-01,2025-06-30,2024-08-16,2025-04-01,194.0977036918754,2025-03-31,284.26652577706056,25.040780544111
malua,conservative,older,1000.0,2024-07-01,2025-06-30,2024-08-16,2025-04-01,1940.9770369187527,2025-03-31,2842.6652577706027,250.40780544110976
malua,central,young,10.0,2024-07-01,2025-06-30,2024-07-06,2025-04-14,591.0674767468836,2025-04-06,1002.1362258810232,83.38360631564908
malua,central,young,100.0,2024-07-01,2025-06-30,2024-07-06,2025-04-14,5910.674767468831,2025-04-06,10021.36225881022,833.8360631564899
malua,central,young,1000.0,2024-07-01,2025-06-30,2024-07-06,2025-04-14,59106.74767468836,2025-04-06,100213.62258810227,8338.360631564905
malua,central,mixed,10.0,2024-07-01,2025-06-30,2024-07-06,2025-04-14,347.07296308872446,2025-04-01,588.1592098077916,50.01410858624408
malua,central,mixed,100.0,2024-07-01,2025-06-30,2024-07-06,2025-04-14,3470.7296308872455,2025-04-01,5881.592098077919,500.141085862441
malua,central,mixed,1000.0,2024-07-01,2025-06-30,2024-07-06,2025-04-14,34707.296308872435,2025-04-01,58815.920980779156,5001.410858624407
malua,central,older,10.0,2024-07-01,2025-06-30,2024-07-06,2025-04-21,41.23083198043918,2025-04-07,68.52856254327371,6.726322425778151
malua,central,older,100.0,2024-07-01,2025-06-30,2024-07-06,2025-04-21,412.30831980439217,2025-04-07,685.2856254327377,67.26322425778157
malua,central,older,1000.0,2024-07-01,2025-06-30,2024-07-06,2025-04-21,4123.083198043916,2025-04-07,6852.856254327369,672.632242577815
malua,permissive,young,10.0,2024-07-01,2025-06-30,2024-07-06,2025-04-21,742.7737756424248,2025-04-15,1276.9076678332324,112.36308082478135
malua,permissive,young,100.0,2024-07-01,2025-06-30,2024-07-06,2025-04-21,7427.73775642424,2025-04-15,12769.076678332314,1123.6308082478126
malua,permissive,young,1000.0,2024-07-01,2025-06-30,2024-07-06,2025-04-21,74277.37756424244,2025-04-15,127690.76678332321,11236.308082478134
malua,permissive,mixed,10.0,2024-07-01,2025-06-30,2024-07-06,2025-04-21,446.8823510963549,2025-04-15,766.2194098169223,69.40892193708918
malua,permissive,mixed,100.0,2024-07-01,2025-06-30,2024-07-06,2025-04-21,4468.8235109635525,2025-04-15,7662.194098169229,694.0892193708924
malua,permissive,mixed,1000.0,2024-07-01,2025-06-30,2024-07-06,2025-04-21,44688.23510963548,2025-04-15,76621.94098169221,6940.892193708918
malua,permissive,older,10.0,2024-07-01,2025-06-30,2024-07-06,2025-04-29,82.92075498340219,2025-04-21,147.3104792807282,13.67568252158512
malua,permissive,older,100.0,2024-07-01,2025-06-30,2024-07-06,2025-04-29,829.2075498340228,2025-04-21,1473.1047928072837,136.75682521585134
malua,permissive,older,1000.0,2024-07-01,2025-06-30,2024-07-06,2025-04-29,8292.075498340218,2025-04-21,14731.047928072825,1367.568252158512
knockrow,conservative,young,10.0,2024-07-01,2025-06-30,2024-08-16,2025-04-03,794.8251308479615,2025-04-01,1232.5047584322124,113.07357119702813
knockrow,conservative,young,100.0,2024-07-01,2025-06-30,2024-08-16,2025-04-03,7948.25130847961,2025-04-01,12325.047584322114,1130.7357119702804
knockrow,conservative,young,1000.0,2024-07-01,2025-06-30,2024-08-16,2025-04-03,79482.51308479613,2025-04-01,123250.4758432212,11307.35711970281
knockrow,conservative,mixed,10.0,2024-07-01,2025-06-30,2024-08-16,2025-04-03,479.21141352044674,2025-04-01,729.6418589578238,68.06106020103624
knockrow,conservative,mixed,100.0,2024-07-01,2025-06-30,2024-08-16,2025-04-03,4792.114135204471,2025-04-01,7296.4185895782475,680.6106020103631
knockrow,conservative,mixed,1000.0,2024-07-01,2025-06-30,2024-08-16,2025-04-03,47921.14135204467,2025-04-01,72964.1858957824,6806.106020103624
knockrow,conservative,older,10.0,2024-07-01,2025-06-30,2024-08-16,2025-03-30,41.391115331485906,2025-03-31,58.69532554497765,6.316045177631492
knockrow,conservative,older,100.0,2024-07-01,2025-06-30,2024-08-16,2025-03-30,413.9111533148592,2025-03-31,586.9532554497765,63.160451776314936
knockrow,conservative,older,1000.0,2024-07-01,2025-06-30,2024-08-16,2025-03-30,4139.11153314859,2025-03-31,5869.532554497763,631.604517763149
knockrow,central,young,10.0,2024-07-01,2025-06-30,2024-07-01,2025-04-13,1032.499564738472,2025-04-07,1655.5328664248912,176.87848443901777
knockrow,central,young,100.0,2024-07-01,2025-06-30,2024-07-01,2025-04-13,10324.995647384714,2025-04-07,16555.3286642489,1768.7848443901767
knockrow,central,young,1000.0,2024-07-01,2025-06-30,2024-07-01,2025-04-13,103249.95647384717,2025-04-07,165553.28664248908,17687.84844390177
knockrow,central,mixed,10.0,2024-07-01,2025-06-30,2024-07-01,2025-04-13,626.0554323354114,2025-04-07,999.9708804349598,109.58474794001926
knockrow,central,mixed,100.0,2024-07-01,2025-06-30,2024-07-01,2025-04-13,6260.554323354121,2025-04-07,9999.708804349604,1095.8474794001934
knockrow,central,mixed,1000.0,2024-07-01,2025-06-30,2024-07-01,2025-04-13,62605.54323354115,2025-04-07,99997.08804349597,10958.474794001926
knockrow,central,older,10.0,2024-07-01,2025-06-30,2024-07-01,2025-04-21,94.7538605185323,2025-04-15,150.21297610846293,17.64271371066355
knockrow,central,older,100.0,2024-07-01,2025-06-30,2024-07-01,2025-04-21,947.5386051853234,2025-04-15,1502.1297610846293,176.42713710663554
knockrow,central,older,1000.0,2024-07-01,2025-06-30,2024-07-01,2025-04-21,9475.386051853227,2025-04-15,15021.297610846286,1764.2713710663547
knockrow,permissive,young,10.0,2024-07-01,2025-06-30,2024-07-01,2025-04-28,1379.5829933343189,2025-04-15,2257.554855607778,259.4067248823747
knockrow,permissive,young,100.0,2024-07-01,2025-06-30,2024-07-01,2025-04-28,13795.829933343179,2025-04-15,22575.54855607776,2594.067248823745
knockrow,permissive,young,1000.0,2024-07-01,2025-06-30,2024-07-01,2025-04-28,137958.29933343185,2025-04-15,225755.48556077768,25940.672488237462
knockrow,permissive,mixed,10.0,2024-07-01,2025-06-30,2024-07-01,2025-04-28,866.9225971991343,2025-04-21,1417.7129491952282,165.69235089640608
knockrow,permissive,mixed,100.0,2024-07-01,2025-06-30,2024-07-01,2025-04-28,8669.225971991347,2025-04-21,14177.12949195229,1656.9235089640617
knockrow,permissive,mixed,1000.0,2024-07-01,2025-06-30,2024-07-01,2025-04-28,86692.25971991342,2025-04-21,141771.29491952277,16569.23508964061
knockrow,permissive,older,10.0,2024-07-01,2025-06-30,2024-07-01,2025-04-28,206.53452454438073,2025-04-21,343.14179128526297,38.06033078990639
knockrow,permissive,older,100.0,2024-07-01,2025-06-30,2024-07-01,2025-04-28,2065.3452454438075,2025-04-21,3431.4179128526307,380.6033078990639
knockrow,permissive,older,1000.0,2024-07-01,2025-06-30,2024-07-01,2025-04-28,20653.452454438062,2025-04-21,34314.17912852629,3806.0330789906366
dorey,conservative,young,10.0,2024-07-01,2025-06-30,2024-08-16,2025-04-03,794.8251308479615,2025-04-01,1232.5047584322124,113.07357119702813
dorey,conservative,young,100.0,2024-07-01,2025-06-30,2024-08-16,2025-04-03,7948.25130847961,2025-04-01,12325.047584322114,1130.7357119702804
dorey,conservative,young,1000.0,2024-07-01,2025-06-30,2024-08-16,2025-04-03,79482.51308479613,2025-04-01,123250.4758432212,11307.35711970281
dorey,conservative,mixed,10.0,2024-07-01,2025-06-30,2024-08-16,2025-04-03,479.21141352044674,2025-04-01,729.6418589578238,68.06106020103624
dorey,conservative,mixed,100.0,2024-07-01,2025-06-30,2024-08-16,2025-04-03,4792.114135204471,2025-04-01,7296.4185895782475,680.6106020103631
dorey,conservative,mixed,1000.0,2024-07-01,2025-06-30,2024-08-16,2025-04-03,47921.14135204467,2025-04-01,72964.1858957824,6806.106020103624
dorey,conservative,older,10.0,2024-07-01,2025-06-30,2024-08-16,2025-03-30,41.391115331485906,2025-03-31,58.69532554497765,6.316045177631492
dorey,conservative,older,100.0,2024-07-01,2025-06-30,2024-08-16,2025-03-30,413.9111533148592,2025-03-31,586.9532554497765,63.160451776314936
dorey,conservative,older,1000.0,2024-07-01,2025-06-30,2024-08-16,2025-03-30,4139.11153314859,2025-03-31,5869.532554497763,631.604517763149
dorey,central,young,10.0,2024-07-01,2025-06-30,2024-07-01,2025-04-13,1032.499564738472,2025-04-07,1655.5328664248912,176.87848443901777
dorey,central,young,100.0,2024-07-01,2025-06-30,2024-07-01,2025-04-13,10324.995647384714,2025-04-07,16555.3286642489,1768.7848443901767
dorey,central,young,1000.0,2024-07-01,2025-06-30,2024-07-01,2025-04-13,103249.95647384717,2025-04-07,165553.28664248908,17687.84844390177
dorey,central,mixed,10.0,2024-07-01,2025-06-30,2024-07-01,2025-04-13,626.0554323354114,2025-04-07,999.9708804349598,109.58474794001926
dorey,central,mixed,100.0,2024-07-01,2025-06-30,2024-07-01,2025-04-13,6260.554323354121,2025-04-07,9999.708804349604,1095.8474794001934
dorey,central,mixed,1000.0,2024-07-01,2025-06-30,2024-07-01,2025-04-13,62605.54323354115,2025-04-07,99997.08804349597,10958.474794001926
dorey,central,older,10.0,2024-07-01,2025-06-30,2024-07-01,2025-04-21,94.7538605185323,2025-04-15,150.21297610846293,17.64271371066355
dorey,central,older,100.0,2024-07-01,2025-06-30,2024-07-01,2025-04-21,947.5386051853234,2025-04-15,1502.1297610846293,176.42713710663554
dorey,central,older,1000.0,2024-07-01,2025-06-30,2024-07-01,2025-04-21,9475.386051853227,2025-04-15,15021.297610846286,1764.2713710663547
dorey,permissive,young,10.0,2024-07-01,2025-06-30,2024-07-01,2025-04-28,1379.5829933343189,2025-04-15,2257.554855607778,259.4067248823747
dorey,permissive,young,100.0,2024-07-01,2025-06-30,2024-07-01,2025-04-28,13795.829933343179,2025-04-15,22575.54855607776,2594.067248823745
dorey,permissive,young,1000.0,2024-07-01,2025-06-30,2024-07-01,2025-04-28,137958.29933343185,2025-04-15,225755.48556077768,25940.672488237462
dorey,permissive,mixed,10.0,2024-07-01,2025-06-30,2024-07-01,2025-04-28,866.9225971991343,2025-04-21,1417.7129491952282,165.69235089640608
dorey,permissive,mixed,100.0,2024-07-01,2025-06-30,2024-07-01,2025-04-28,8669.225971991347,2025-04-21,14177.12949195229,1656.9235089640617
dorey,permissive,mixed,1000.0,2024-07-01,2025-06-30,2024-07-01,2025-04-28,86692.25971991342,2025-04-21,141771.29491952277,16569.23508964061
dorey,permissive,older,10.0,2024-07-01,2025-06-30,2024-07-01,2025-04-28,206.53452454438073,2025-04-21,343.14179128526297,38.06033078990639
dorey,permissive,older,100.0,2024-07-01,2025-06-30,2024-07-01,2025-04-28,2065.3452454438075,2025-04-21,3431.4179128526307,380.6033078990639
dorey,permissive,older,1000.0,2024-07-01,2025-06-30,2024-07-01,2025-04-28,20653.452454438062,2025-04-21,34314.17912852629,3806.0330789906366
